"Lotação Destinatário"|"Ano/Mês Referência"|"Atendimento"|"Backlog"|"Entregue"|"Suspensa"|
"SUPDE/DERCE/DE401"|"2017/09"|5|11|5||
"SUPDE/DERCE/DE401"|"2017/10"|5|9|8|2|
"SUPDE/DERCE/DE401"|"2017/11"|1|9|12||
"SUPDE/DERCE/DE401"|"2017/12"|3|4|1||
"SUPDE/DERCE/DE401"|"2018/01"|1|1|||
"SUPDE/DERCE/DE402"|"2017/09"|3|3|||
"SUPDE/DERCE/DE402"|"2017/10"|13|11|5|11|
"SUPDE/DERCE/DE402"|"2017/11"|13|9|6|11|
"SUPDE/DERCE/DE402"|"2017/12"|12|9||6|
"SUPDE/DERCE/DE402"|"2018/01"|8|2|2|7|
"SUPDE/DERCE/DE403"|"2017/09"|2|2|||
"SUPDE/DERCE/DE403"|"2017/10"|4|1|1|1|
"SUPDE/DERCE/DE403"|"2017/11"|4|2|1|1|
"SUPDE/DERCE/DE403"|"2017/12"|3|3|1|1|
"SUPDE/DERCE/DE403"|"2018/01"|5|5|2|10|
"SUPDE/DERCE/DE404"|"2017/09"|2|7|9||
"SUPDE/DERCE/DE404"|"2017/10"|6|15|8||
"SUPDE/DERCE/DE404"|"2017/11"|7|7|10||
"SUPDE/DERCE/DE404"|"2017/12"|2|2|27|2|
"SUPDE/DERCE/DE404"|"2018/01"|3|1|19|6|
"SUPDE/DERCE/DE405"|"2017/09"|1|1|||
"SUPDE/DERCE/DE405"|"2017/10"|1||||
"SUPDE/DERCE/DE405"|"2017/11"|1||||
"SUPDE/DERCE/DE405"|"2017/12"|||1||
"SUPDE/DERCE/DE405"|"2018/01"|2||||
"SUPDE/DERCE/DE406"|"2017/09"|1||1||
"SUPDE/DERCE/DE406"|"2017/10"|3|7|8||
"SUPDE/DERCE/DE406"|"2017/11"|9|2|18|2|
"SUPDE/DERCE/DE406"|"2017/12"|10|7|40|3|
"SUPDE/DERCE/DE406"|"2018/01"|10|9|31|4|
"SUPDE/DERCE/DE407"|"2017/09"|8|3|1||
"SUPDE/DERCE/DE407"|"2017/10"|3|6|4|1|
"SUPDE/DERCE/DE407"|"2017/11"|5|3|1|4|
"SUPDE/DERCE/DE407"|"2017/12"|7||2|6|
"SUPDE/DERCE/DE407"|"2018/01"|2|3|9|3|
"SUPDE/DERCE/DE408"|"2017/09"|||3||
"SUPDE/DERCE/DE408"|"2017/12"|2|15|||
"SUPDE/DERCE/DE408"|"2018/01"|10|8|2||
"SUPDE/DERCE/DE409"|"2017/09"|4|4|||
"SUPDE/DERCE/DE409"|"2017/10"|3|2|7||
"SUPDE/DERCE/DE409"|"2017/11"|4|3|2||
"SUPDE/DERCE/DE409"|"2017/12"|4|3|8||
"SUPDE/DERCE/DE409"|"2018/01"|3|11|6|11|
"SUPDE/DERCE/DE410"|"2017/02"|4|1|11|4|
"SUPDE/DERCE/DE410"|"2017/03"|6|1|5|4|
"SUPDE/DERCE/DE410"|"2017/04"|6||3|5|
"SUPDE/DERCE/DE410"|"2017/05"|4||2|2|
"SUPDE/DERCE/DE410"|"2017/06"|2||4|2|
"SUPDE/DERCE/DE410"|"2017/07"|2||4|2|
"SUPDE/DERCE/DE410"|"2017/08"|2||2|5|
"SUPDE/DERCE/DE410"|"2017/09"|4||2|4|
"SUPDE/DERCE/DE410"|"2017/10"|3||2|4|
"SUPDE/DERCE/DE410"|"2017/11"|1|||6|
"SUPDE/DERCE/DE410"|"2017/12"|1||2|5|
"SUPDE/DERCE/DE410"|"2018/01"||1|2|5|
"SUPDE/DERCE/DE411"|"2017/02"|5|12|9||
"SUPDE/DERCE/DE411"|"2017/03"|5|12|2|1|
"SUPDE/DERCE/DE411"|"2017/04"|4|11|6||
"SUPDE/DERCE/DE411"|"2017/05"|5|14|6||
"SUPDE/DERCE/DE411"|"2017/06"|7|15|3||
"SUPDE/DERCE/DE411"|"2017/07"|6|3|4||
"SUPDE/DERCE/DE411"|"2017/08"|4|3|4||
"SUPDE/DERCE/DE411"|"2017/09"|5|2|3||
"SUPDE/DERCE/DE411"|"2017/10"|1|5|2|2|
"SUPDE/DERCE/DE411"|"2017/11"|1|1|3||
"SUPDE/DERCE/DE411"|"2017/12"||2|2||
"SUPDE/DERCE/DE411"|"2018/01"||3|2||
"SUPDE/DERCE/DE413"|"2017/02"|1||1|1|
"SUPDE/DERCE/DE413"|"2017/03"|5|28|18|1|
"SUPDE/DERCE/DE413"|"2017/04"|12|17|31|1|
"SUPDE/DERCE/DE413"|"2017/05"|14|25|22|8|
"SUPDE/DERCE/DE413"|"2017/06"|14|29|23|15|
"SUPDE/DERCE/DE413"|"2017/07"|19|26|36|12|
"SUPDE/DERCE/DE413"|"2017/08"|22|27|24|21|
"SUPDE/DERCE/DE413"|"2017/09"|23|20|25|19|
"SUPDE/DERCE/DE413"|"2017/10"|17|21|31|26|
"SUPDE/DERCE/DE413"|"2017/11"|14|71|72|13|
"SUPDE/DERCE/DE413"|"2017/12"|8|58|58|13|
"SUPDE/DERCE/DE413"|"2018/01"|10|57|78|12|
"SUPDE/DERCE/DE414"|"2017/02"|11|20|26|11|
"SUPDE/DERCE/DE414"|"2017/03"|20|13|30|11|
"SUPDE/DERCE/DE414"|"2017/04"|16|18|30|9|
"SUPDE/DERCE/DE414"|"2017/05"|15|19|51|9|
"SUPDE/DERCE/DE414"|"2017/06"|16|14|43|8|
"SUPDE/DERCE/DE414"|"2017/07"|8|5|16|9|
"SUPDE/DERCE/DE414"|"2017/08"|8|6|14|7|
"SUPDE/DERCE/DE414"|"2017/09"|7|8|16|6|
"SUPDE/DERCE/DE414"|"2017/10"|8|7|7|6|
"SUPDE/DERCE/DE414"|"2017/11"|6|7|11|6|
"SUPDE/DERCE/DE414"|"2017/12"|4|4|8|6|
"SUPDE/DERCE/DE414"|"2018/01"|5|5|4|6|
"SUPDE/DERCE/DE415"|"2017/02"|6|2||3|
"SUPDE/DERCE/DE415"|"2017/03"|5|3|1|3|
"SUPDE/DERCE/DE415"|"2017/04"|4|3|2|4|
"SUPDE/DERCE/DE415"|"2017/05"|4|3|2|4|
"SUPDE/DERCE/DE415"|"2017/06"|5|3|3|4|
"SUPDE/DERCE/DE415"|"2017/07"|6|1|5|9|
"SUPDE/DERCE/DE415"|"2017/08"|6|4|2|10|
"SUPDE/DERCE/DE415"|"2017/09"|11|3|3|10|
"SUPDE/DERCE/DE415"|"2017/10"|10|1|5|10|
"SUPDE/DERCE/DE415"|"2017/11"|8||12|9|
"SUPDE/DERCE/DE415"|"2017/12"|8||1|9|
"SUPDE/DERCE/DE415"|"2018/01"|12|1|1|9|
"SUPDE/DERCE/DE4CT"|"2017/02"|3|3|6||
"SUPDE/DERCE/DE4CT"|"2017/03"|2||7||
"SUPDE/DERCE/DE4CT"|"2017/04"|1||7||
"SUPDE/DERCE/DE4CT"|"2017/05"|||1||
"SUPDE/DERCE/DE4CT"|"2017/06"|||1||
"SUPDE/DERCE/DE4D1"|"2017/02"|20|20|39|4|
"SUPDE/DERCE/DE4D1"|"2017/03"|12|8|19|7|
"SUPDE/DERCE/DE4D1"|"2017/04"|11|15|17|8|
"SUPDE/DERCE/DE4D1"|"2017/05"|10|6|3|1|
"SUPDE/DERCE/DE4D1"|"2017/06"|5|3|3|1|
"SUPDE/DERCE/DE4D1"|"2017/07"|3|10|||
"SUPDE/DERCE/DE4D1"|"2017/08"|3|21|||
"SUPDE/DERCE/DE4D2"|"2017/02"|2|7|6|9|
"SUPDE/DERCE/DE4D2"|"2017/03"|3|7|8|9|
"SUPDE/DERCE/DE4D2"|"2017/04"|2|8|11|9|
"SUPDE/DERCE/DE4D2"|"2017/05"||8|14|9|
"SUPDE/DERCE/DE4D2"|"2017/06"|7|8|9|9|
"SUPDE/DERCE/DE4D2"|"2017/07"|2|4|5|12|
"SUPDE/DERCE/DE4D2"|"2017/08"|6|4|5|11|
"SUPDE/DERCE/DE4D2"|"2017/09"|6|4|5|11|
"SUPDE/DERCE/DE4D3"|"2017/02"|8|8|6|6|
"SUPDE/DERCE/DE4D3"|"2017/03"|10|7|9|6|
"SUPDE/DERCE/DE4D3"|"2017/04"|4|8|9|8|
"SUPDE/DERCE/DE4D3"|"2017/05"|8|9|4|10|
"SUPDE/DERCE/DE4D3"|"2017/06"|1|6|1|8|
"SUPDE/DERCE/DE4D3"|"2017/07"|7|4|3|9|
"SUPDE/DERCE/DE4D3"|"2017/08"|8|4|3|8|
"SUPDE/DERCE/DE4D3"|"2017/09"|6|7|4|8|
"SUPDE/DERCE/DE4D3"|"2017/10"|7|4|4|7|
"SUPDE/DERCE/DE4D3"|"2017/11"|5|4|2|9|
"SUPDE/DERCE/DE4D3"|"2017/12"|5|4|2|9|
"SUPDE/DERCE/DE4D3"|"2018/01"||1|||
"SUPDE/DERCE/DE4D4"|"2017/02"|10|14|28|8|
"SUPDE/DERCE/DE4D4"|"2017/03"|12|8|30|11|
"SUPDE/DERCE/DE4D4"|"2017/04"|8|13|22|19|
"SUPDE/DERCE/DE4D4"|"2017/05"|11|6|33|21|
"SUPDE/DERCE/DE4D4"|"2017/06"|13|10|28|19|
"SUPDE/DERCE/DE4D4"|"2017/07"|13|11|17|17|
"SUPDE/DERCE/DE4D4"|"2017/08"|12|12|24|15|
"SUPDE/DERCE/DE4D4"|"2017/09"|6|2|27|18|
"SUPDE/DERCE/DE4D4"|"2017/10"|5|2|19|11|
"SUPDE/DERCE/DE4D4"|"2017/11"|4|1|10|8|
"SUPDE/DERCE/DE4D4"|"2017/12"|3||7|9|
"SUPDE/DERCE/DE4D4"|"2018/01"|3||6|7|
"SUPDE/DERCE/DE4D5"|"2017/02"|8|2|2|6|
"SUPDE/DERCE/DE4D5"|"2017/03"|4|3|7|6|
"SUPDE/DERCE/DE4D5"|"2017/04"|4|2|6|6|
"SUPDE/DERCE/DE4D5"|"2017/05"|4|2|2|6|
"SUPDE/DERCE/DE4D5"|"2017/06"|1|2||6|
"SUPDE/DERCE/DE4D5"|"2017/07"|1|1|||
"SUPDE/DERCE/DE4D5"|"2017/08"|1|1|||
"SUPDE/DERCE/DE4D5"|"2017/09"||1|||
"SUPDE/DERCE/DE4D5"|"2017/10"||1|||
"SUPDE/DERCE/DE4D5"|"2017/11"||1|||
"SUPDE/DERCE/DE4D5"|"2017/12"||1|||
"SUPDE/DERCE/DE4D6"|"2017/02"|3||2|13|
"SUPDE/DERCE/DE4D6"|"2017/03"|3||2|13|
"SUPDE/DERCE/DE4D6"|"2017/04"|4||2|11|
"SUPDE/DERCE/DE4D6"|"2017/05"|3||4|11|
"SUPDE/DERCE/DE4D6"|"2017/06"|5||5|9|
"SUPDE/DERCE/DE4D6"|"2017/07"|2|5|31|1|
"SUPDE/DERCE/DE4D6"|"2017/08"|3|9|13|4|
"SUPDE/DERCE/DE4D6"|"2017/09"||9|11|4|
"SUPDE/DERCE/DE4D6"|"2017/10"||7|9|1|
"SUPDE/DERCE/DE4D6"|"2017/11"||2|11|1|
"SUPDE/DERCE/DE4D7"|"2017/02"|4|2|11|14|
"SUPDE/DERCE/DE4D7"|"2017/03"|7|5|7|12|
"SUPDE/DERCE/DE4D7"|"2017/04"|6|4|13|13|
"SUPDE/DERCE/DE4D7"|"2017/05"|7|3|8|12|
"SUPDE/DERCE/DE4D7"|"2017/06"|8|3|11|13|
"SUPDE/DERCE/DE4D7"|"2017/07"|8|4|7|15|
"SUPDE/DERCE/DE4D7"|"2017/08"|7|4|7|12|
"SUPDE/DERCE/DE4D7"|"2017/09"|5|2|7|12|
"SUPDE/DERCE/DE4D7"|"2017/10"|4|2|5|12|
"SUPDE/DERCE/DE4D7"|"2017/11"|3|2|2|11|
"SUPDE/DERCE/DE4D7"|"2017/12"|2|1|1|15|
"SUPDE/DERCE/DE4D7"|"2018/01"|2|1||15|
"SUPDE/DERCE/DE4D8"|"2017/02"|2|2|3|1|
"SUPDE/DERCE/DE4D8"|"2017/03"|2|4|2|1|
"SUPDE/DERCE/DE4D8"|"2017/04"|2|4|3||
"SUPDE/DERCE/DE4D8"|"2017/05"|2|5|4||
"SUPDE/DERCE/DE4D8"|"2017/06"|3|2|3||
"SUPDE/DERCE/DE4D8"|"2017/07"|2||||
"SUPDE/DERCE/DE4D8"|"2017/08"|1|1|2||
"SUPDE/DERCE/DE4D8"|"2017/09"|1|||1|
"SUPDE/DERCE/DE4D8"|"2017/10"|1|||1|
"SUPDE/DERCE/DE4D9"|"2017/02"|2|5|15|2|
"SUPDE/DERCE/DE4D9"|"2017/03"|2|6|5|2|
"SUPDE/DERCE/DE4D9"|"2017/04"|1|2|11|2|
"SUPDE/DERCE/DE4D9"|"2017/05"|4|3|3|1|
"SUPDE/DERCE/DE4D9"|"2017/06"|5|5|8|3|
"SUPDE/DERCE/DE4D9"|"2017/07"|8|4|4|7|
"SUPDE/DERCE/DE4D9"|"2017/08"|7|12|7|7|
"SUPDE/DERCE/DE4D9"|"2017/09"|9|11|4|7|
"SUPDE/DERCE/DE4D9"|"2017/10"|2|12|4|10|
"SUPDE/DERCE/DE4D9"|"2017/11"||12|4|11|
"SUPDE/DERCE/DE4D9"|"2017/12"||12|3|11|
"SUPDE/DERCE/DE4D9"|"2018/01"||8|||
"SUPDE/DERCE/DE4ED"|"2017/03"||1|||
"SUPDE/DERCE/DE4ED"|"2017/04"||1|||
"SUPDE/DERCE/DE4ED"|"2017/06"|1||||
"SUPDE/DERCE/DE4ED"|"2017/07"|1|4|||
"SUPDE/DERCE/DE4ED"|"2017/08"|2||||
"SUPDE/DERCE/DE4ED"|"2017/09"|1||1||
"SUPDE/DERCE/DE4ED"|"2017/10"|1||1||
"SUPDE/DERCE/DE4ED"|"2017/11"|||1||
